Show,EpId,clips,Prolongation,Block,SoundRep,WordRep,NoStutteredWords,Interjection,Unsure,PoorAudioQuality,DifficultToUnderstand,NaturalPause,Music,NoSpeech
HVSA,0,137,13.86861313868613,18.97810218978102,6.569343065693431,4.37956204379562,43.79562043795621,35.76642335766424,0.0,0.0,3.64963503649635,13.138686131386862,0.0,0.7299270072992701
HVSA,1,188,7.446808510638298,11.702127659574469,7.9787234042553195,7.446808510638298,57.97872340425532,37.765957446808514,0.0,0.0,3.1914893617021276,7.446808510638298,0.0,2.127659574468085
HVSA,2,200,10.5,10.0,12.5,9.0,51.0,39.0,0.0,18.5,8.5,9.0,0.0,1.5
HVSA,3,211,16.113744075829384,10.42654028436019,16.587677725118482,5.213270142180095,51.18483412322274,23.696682464454977,0.0,15.639810426540285,3.7914691943127963,10.90047393364929,0.0,3.3175355450236967
HeStutters,0,40,2.5,0.0,2.5,0.0,95.0,0.0,0.0,0.0,2.5,5.0,0.0,0.0
HeStutters,1,273,16.483516483516482,16.84981684981685,18.315018315018314,9.89010989010989,36.26373626373626,13.553113553113553,0.3663003663003663,1.098901098901099,10.989010989010989,4.761904761904762,0.0,2.197802197802198
HeStutters,2,216,16.203703703703702,8.796296296296296,5.555555555555555,11.11111111111111,55.092592592592595,31.48148148148148,0.0,13.425925925925927,8.333333333333332,6.944444444444445,0.4629629629629629,2.7777777777777777
HeStutters,3,40,7.5,2.5,0.0,7.5,72.5,17.5,0.0,27.500000000000004,15.0,0.0,0.0,0.0
HeStutters,4,40,10.0,5.0,0.0,15.0,70.0,30.0,0.0,0.0,5.0,5.0,0.0,0.0
HeStutters,5,199,13.06532663316583,19.09547738693467,19.597989949748744,9.547738693467336,36.18090452261307,28.643216080402013,0.5025125628140703,1.0050251256281406,9.045226130653267,11.055276381909549,0.0,2.0100502512562812
HeStutters,6,294,15.306122448979592,7.142857142857142,5.782312925170068,14.285714285714285,54.08163265306123,25.170068027210885,0.0,0.0,2.0408163265306123,6.802721088435375,0.0,1.3605442176870748
HeStutters,7,40,2.5,7.5,0.0,5.0,85.0,2.5,0.0,0.0,0.0,2.5,0.0,0.0
HeStutters,8,202,8.91089108910891,11.881188118811881,4.455445544554455,14.356435643564355,56.930693069306926,10.891089108910892,0.0,0.0,2.4752475247524752,13.861386138613863,0.49504950495049505,0.0
HeStutters,9,40,7.5,10.0,2.5,2.5,77.5,7.5,0.0,0.0,0.0,2.5,0.0,0.0
HeStutters,10,40,0.0,0.0,5.0,10.0,80.0,40.0,0.0,0.0,5.0,7.5,0.0,0.0
HeStutters,11,208,16.346153846153847,11.057692307692307,8.653846153846153,16.346153846153847,49.519230769230774,37.019230769230774,0.0,0.0,2.403846153846154,9.134615384615383,2.403846153846154,0.9615384615384616
HeStutters,12,218,11.926605504587156,10.550458715596331,4.587155963302752,20.642201834862387,50.0,31.65137614678899,0.0,0.9174311926605505,2.7522935779816518,7.339449541284404,0.0,0.0
HeStutters,13,40,10.0,5.0,10.0,7.5,65.0,22.5,0.0,0.0,2.5,7.5,0.0,0.0
HeStutters,14,40,5.0,2.5,5.0,7.5,80.0,17.5,0.0,0.0,2.5,7.5,0.0,0.0
HeStutters,15,196,31.122448979591837,14.285714285714285,14.795918367346939,15.306122448979592,28.57142857142857,30.612244897959183,0.0,0.0,5.612244897959184,8.16326530612245,0.0,0.5102040816326531
HeStutters,16,214,20.093457943925234,22.897196261682243,23.83177570093458,9.345794392523365,28.037383177570092,17.75700934579439,0.0,8.878504672897195,17.289719626168225,6.074766355140187,1.4018691588785046,5.607476635514018
HeStutters,17,40,17.5,0.0,2.5,10.0,67.5,25.0,0.0,0.0,0.0,0.0,2.5,2.5
HeStutters,18,217,5.529953917050691,5.990783410138248,19.35483870967742,17.050691244239633,52.07373271889401,29.953917050691242,0.0,10.138248847926267,0.4608294930875576,13.36405529953917,0.0,0.0
HeStutters,19,183,10.92896174863388,12.021857923497267,3.825136612021858,6.557377049180328,58.46994535519126,27.86885245901639,0.0,0.0,0.546448087431694,10.382513661202186,0.0,0.546448087431694
HeStutters,20,261,7.2796934865900385,8.42911877394636,11.11111111111111,7.662835249042145,54.406130268199234,31.417624521072796,0.0,7.2796934865900385,16.85823754789272,5.747126436781609,0.7662835249042145,0.7662835249042145
HeStutters,21,221,2.262443438914027,13.574660633484163,11.76470588235294,25.339366515837103,45.248868778280546,26.69683257918552,0.0,0.4524886877828055,3.167420814479638,5.88235294117647,0.0,0.4524886877828055
HeStutters,22,207,7.729468599033816,12.560386473429952,19.806763285024154,28.985507246376812,37.19806763285024,36.231884057971016,0.0,0.4830917874396135,1.932367149758454,8.212560386473431,0.0,0.4830917874396135
HeStutters,23,215,7.906976744186046,11.627906976744185,30.697674418604652,14.418604651162791,40.46511627906977,31.16279069767442,0.0,0.46511627906976744,0.46511627906976744,8.837209302325581,0.0,0.0
IStutterSoWhat,0,198,8.080808080808081,12.121212121212121,18.68686868686869,11.11111111111111,50.505050505050505,23.232323232323232,0.0,0.0,0.5050505050505051,14.646464646464647,7.575757575757576,3.0303030303030303
IStutterSoWhat,1,140,15.714285714285714,15.0,41.42857142857143,2.857142857142857,34.285714285714285,20.0,0.0,0.7142857142857143,0.0,15.714285714285714,1.4285714285714286,0.0
IStutterSoWhat,2,201,17.412935323383085,19.402985074626866,37.3134328358209,6.467661691542288,25.37313432835821,14.925373134328357,0.0,0.4975124378109453,12.437810945273633,4.477611940298507,2.4875621890547266,1.9900497512437811
IStutterSoWhat,3,159,10.69182389937107,15.09433962264151,35.22012578616352,8.80503144654088,40.25157232704403,28.930817610062892,0.0,0.0,1.257861635220126,8.176100628930817,6.918238993710692,0.628930817610063
IStutterSoWhat,4,172,7.55813953488372,11.627906976744185,15.69767441860465,1.1627906976744187,61.627906976744185,13.953488372093023,0.5813953488372093,4.651162790697675,12.209302325581394,14.534883720930234,1.1627906976744187,0.5813953488372093
MyStutteringLife,0,40,2.5,2.5,5.0,2.5,85.0,0.0,0.0,0.0,2.5,20.0,2.5,0.0
MyStutteringLife,1,40,2.5,5.0,2.5,0.0,87.5,5.0,0.0,0.0,0.0,7.5,0.0,0.0
MyStutteringLife,2,40,17.5,20.0,7.5,12.5,42.5,5.0,0.0,0.0,2.5,5.0,5.0,2.5
MyStutteringLife,3,40,17.5,12.5,12.5,2.5,52.5,25.0,0.0,5.0,0.0,20.0,0.0,0.0
MyStutteringLife,4,40,5.0,20.0,10.0,2.5,57.49999999999999,5.0,0.0,0.0,7.5,17.5,5.0,0.0
MyStutteringLife,5,40,5.0,7.5,5.0,0.0,77.5,15.0,0.0,0.0,0.0,7.5,2.5,0.0
MyStutteringLife,6,40,12.5,2.5,7.5,10.0,65.0,30.0,0.0,0.0,0.0,2.5,0.0,0.0
MyStutteringLife,7,194,12.886597938144329,9.793814432989691,8.24742268041237,14.948453608247423,49.48453608247423,27.835051546391753,0.0,0.0,2.0618556701030926,18.04123711340206,1.0309278350515463,0.0
MyStutteringLife,8,40,2.5,15.0,5.0,7.5,65.0,25.0,0.0,0.0,0.0,7.5,0.0,0.0
MyStutteringLife,9,40,5.0,10.0,2.5,2.5,72.5,5.0,0.0,0.0,0.0,17.5,0.0,0.0
MyStutteringLife,10,40,12.5,10.0,7.5,2.5,60.0,7.5,0.0,0.0,0.0,7.5,5.0,0.0
MyStutteringLife,11,40,7.5,2.5,0.0,0.0,87.5,0.0,0.0,0.0,0.0,32.5,2.5,0.0
MyStutteringLife,12,40,7.5,17.5,7.5,7.5,62.5,20.0,0.0,0.0,2.5,7.5,0.0,0.0
MyStutteringLife,13,40,5.0,7.5,12.5,12.5,67.5,5.0,0.0,0.0,0.0,15.0,2.5,2.5
MyStutteringLife,14,40,5.0,7.5,7.5,10.0,65.0,10.0,0.0,0.0,2.5,7.5,2.5,0.0
MyStutteringLife,15,40,10.0,10.0,2.5,5.0,60.0,5.0,0.0,0.0,5.0,25.0,0.0,0.0
MyStutteringLife,16,40,10.0,5.0,7.5,10.0,70.0,32.5,0.0,0.0,0.0,27.500000000000004,0.0,0.0
MyStutteringLife,17,40,5.0,10.0,7.5,12.5,65.0,15.0,0.0,0.0,0.0,15.0,0.0,0.0
MyStutteringLife,18,40,7.5,5.0,5.0,12.5,67.5,12.5,0.0,0.0,0.0,15.0,5.0,0.0
MyStutteringLife,19,40,2.5,2.5,0.0,0.0,90.0,5.0,0.0,0.0,0.0,5.0,0.0,0.0
MyStutteringLife,20,40,15.0,10.0,2.5,5.0,70.0,42.5,0.0,2.5,0.0,10.0,0.0,0.0
MyStutteringLife,21,40,0.0,2.5,5.0,0.0,87.5,2.5,0.0,0.0,2.5,7.5,0.0,0.0
MyStutteringLife,22,40,7.5,12.5,7.5,7.5,62.5,12.5,0.0,0.0,5.0,5.0,0.0,0.0
MyStutteringLife,23,180,3.3333333333333335,9.444444444444445,4.444444444444445,15.555555555555555,61.111111111111114,22.22222222222222,0.0,1.1111111111111112,3.888888888888889,20.555555555555554,0.0,0.0
MyStutteringLife,24,40,2.5,10.0,12.5,0.0,72.5,0.0,0.0,0.0,0.0,10.0,2.5,2.5
MyStutteringLife,25,40,2.5,12.5,2.5,2.5,65.0,15.0,0.0,0.0,2.5,5.0,0.0,0.0
MyStutteringLife,26,40,10.0,7.5,5.0,2.5,77.5,0.0,0.0,0.0,0.0,0.0,0.0,0.0
MyStutteringLife,27,40,5.0,7.5,2.5,2.5,80.0,2.5,0.0,0.0,0.0,7.5,0.0,0.0
MyStutteringLife,28,40,7.5,17.5,7.5,12.5,57.49999999999999,0.0,0.0,0.0,0.0,7.5,0.0,0.0
MyStutteringLife,29,40,2.5,20.0,2.5,0.0,70.0,2.5,0.0,0.0,0.0,25.0,2.5,0.0
MyStutteringLife,30,179,10.614525139664805,11.731843575418994,7.262569832402235,3.35195530726257,62.56983240223464,4.4692737430167595,0.0,0.0,0.0,20.11173184357542,2.2346368715083798,1.675977653631285
MyStutteringLife,31,40,7.5,5.0,0.0,0.0,77.5,0.0,0.0,0.0,0.0,10.0,0.0,2.5
MyStutteringLife,32,172,7.55813953488372,13.953488372093023,11.627906976744185,2.9069767441860463,56.395348837209305,9.30232558139535,0.0,0.0,0.0,23.837209302325583,0.0,0.0
MyStutteringLife,33,40,2.5,10.0,10.0,0.0,72.5,2.5,0.0,0.0,0.0,10.0,2.5,0.0
MyStutteringLife,34,40,7.5,17.5,5.0,10.0,60.0,7.5,0.0,0.0,0.0,10.0,0.0,0.0
MyStutteringLife,35,214,12.149532710280374,11.682242990654206,11.214953271028037,5.14018691588785,53.73831775700935,19.158878504672895,0.0,0.9345794392523363,3.2710280373831773,14.953271028037381,2.803738317757009,0.46728971962616817
MyStutteringLife,36,40,5.0,0.0,2.5,5.0,90.0,5.0,0.0,0.0,0.0,5.0,2.5,0.0
MyStutteringLife,37,40,12.5,2.5,2.5,0.0,82.5,0.0,0.0,0.0,0.0,17.5,2.5,0.0
MyStutteringLife,38,40,7.5,7.5,0.0,17.5,65.0,32.5,0.0,0.0,0.0,2.5,5.0,0.0
MyStutteringLife,39,40,0.0,10.0,7.5,2.5,72.5,40.0,0.0,0.0,2.5,5.0,2.5,0.0
StrongVoices,0,40,12.5,10.0,0.0,0.0,77.5,0.0,0.0,0.0,0.0,2.5,0.0,0.0
StrongVoices,1,40,5.0,7.5,0.0,0.0,80.0,0.0,0.0,0.0,2.5,10.0,0.0,0.0
StrongVoices,2,40,10.0,10.0,0.0,0.0,70.0,0.0,0.0,0.0,5.0,5.0,0.0,0.0
StrongVoices,3,40,5.0,20.0,0.0,2.5,65.0,32.5,0.0,0.0,2.5,0.0,2.5,0.0
StrongVoices,4,40,2.5,5.0,5.0,7.5,80.0,15.0,0.0,0.0,0.0,5.0,0.0,0.0
StrongVoices,5,40,12.5,12.5,0.0,0.0,57.49999999999999,2.5,0.0,0.0,2.5,10.0,0.0,0.0
StrongVoices,6,215,15.348837209302326,20.46511627906977,1.3953488372093024,0.9302325581395349,59.53488372093023,5.5813953488372094,0.0,2.7906976744186047,4.651162790697675,9.767441860465116,1.3953488372093024,0.0
StrongVoices,7,40,7.5,10.0,0.0,2.5,80.0,5.0,0.0,0.0,2.5,7.5,0.0,0.0
StrongVoices,8,40,17.5,12.5,0.0,0.0,65.0,2.5,0.0,0.0,0.0,0.0,0.0,2.5
StrongVoices,9,40,10.0,5.0,0.0,0.0,87.5,2.5,0.0,0.0,2.5,0.0,0.0,0.0
StrongVoices,10,220,22.272727272727273,17.272727272727273,0.9090909090909091,0.9090909090909091,50.90909090909091,8.181818181818182,0.0,0.45454545454545453,1.3636363636363635,7.727272727272727,0.45454545454545453,0.0
StrongVoices,11,40,25.0,2.5,0.0,0.0,57.49999999999999,7.5,0.0,5.0,2.5,5.0,0.0,0.0
StrongVoices,12,40,2.5,12.5,2.5,2.5,77.5,0.0,0.0,0.0,2.5,2.5,0.0,0.0
StrongVoices,13,40,5.0,7.5,2.5,0.0,82.5,0.0,0.0,0.0,0.0,0.0,0.0,0.0
StrongVoices,14,40,12.5,7.5,0.0,5.0,80.0,0.0,0.0,0.0,2.5,5.0,7.5,2.5
StrongVoices,15,40,10.0,7.5,0.0,5.0,75.0,0.0,0.0,0.0,0.0,10.0,0.0,0.0
StrongVoices,16,40,5.0,7.5,0.0,5.0,82.5,5.0,0.0,0.0,2.5,5.0,0.0,0.0
StrongVoices,17,40,30.0,5.0,0.0,2.5,50.0,2.5,0.0,0.0,0.0,0.0,0.0,0.0
StrongVoices,18,40,17.5,7.5,0.0,2.5,72.5,10.0,0.0,0.0,0.0,0.0,2.5,5.0
StrongVoices,19,40,22.5,7.5,0.0,0.0,60.0,15.0,0.0,0.0,0.0,7.5,0.0,0.0
StrongVoices,20,40,17.5,0.0,0.0,2.5,80.0,12.5,0.0,0.0,0.0,5.0,0.0,0.0
StrongVoices,21,198,7.575757575757576,21.21212121212121,2.525252525252525,2.525252525252525,62.62626262626263,3.0303030303030303,0.0,0.5050505050505051,6.565656565656567,10.606060606060606,0.5050505050505051,0.5050505050505051
StrongVoices,22,40,10.0,12.5,7.5,7.5,60.0,0.0,0.0,0.0,2.5,0.0,0.0,0.0
StrongVoices,23,272,22.058823529411764,28.676470588235293,3.6764705882352944,1.8382352941176472,41.911764705882355,9.191176470588236,0.0,0.0,4.044117647058823,6.25,0.3676470588235294,0.3676470588235294
StrongVoices,24,40,7.5,7.5,0.0,2.5,72.5,5.0,0.0,0.0,0.0,7.5,0.0,0.0
StrongVoices,25,40,15.0,20.0,0.0,0.0,57.49999999999999,20.0,0.0,0.0,0.0,0.0,0.0,0.0
StrongVoices,26,40,15.0,20.0,5.0,0.0,55.00000000000001,5.0,0.0,0.0,0.0,5.0,2.5,0.0
StrongVoices,27,40,17.5,15.0,0.0,5.0,52.5,25.0,0.0,0.0,0.0,2.5,0.0,0.0
StrongVoices,28,40,5.0,7.5,0.0,0.0,82.5,2.5,0.0,0.0,2.5,0.0,0.0,0.0
StrongVoices,29,40,7.5,10.0,0.0,2.5,82.5,7.5,0.0,0.0,2.5,7.5,0.0,0.0
StrongVoices,30,40,12.5,12.5,0.0,0.0,65.0,10.0,0.0,0.0,0.0,5.0,0.0,0.0
StrongVoices,31,40,17.5,12.5,2.5,2.5,65.0,7.5,0.0,0.0,0.0,5.0,2.5,2.5
StrongVoices,32,203,24.137931034482758,13.793103448275861,2.4630541871921183,1.9704433497536946,58.128078817733986,5.911330049261084,0.0,0.0,1.9704433497536946,7.8817733990147785,2.4630541871921183,0.0
StrongVoices,33,40,0.0,2.5,0.0,7.5,85.0,5.0,0.0,0.0,0.0,12.5,0.0,0.0
StrongVoices,34,40,12.5,22.5,5.0,2.5,60.0,7.5,0.0,0.0,2.5,10.0,2.5,0.0
StutterTalk,0,40,20.0,32.5,10.0,7.5,40.0,10.0,0.0,5.0,0.0,22.5,0.0,0.0
StutterTalk,1,40,5.0,20.0,10.0,2.5,55.00000000000001,30.0,0.0,0.0,2.5,5.0,0.0,2.5
StutterTalk,2,40,0.0,12.5,10.0,15.0,57.49999999999999,52.5,0.0,0.0,0.0,17.5,0.0,0.0
StutterTalk,3,40,5.0,22.5,20.0,2.5,42.5,10.0,0.0,0.0,7.5,2.5,0.0,5.0
StutterTalk,4,40,2.5,5.0,0.0,7.5,75.0,47.5,0.0,0.0,0.0,20.0,0.0,0.0
StutterTalk,5,40,5.0,10.0,0.0,12.5,70.0,25.0,0.0,0.0,0.0,15.0,2.5,0.0
StutterTalk,6,231,6.493506493506493,4.761904761904762,12.987012987012985,13.852813852813853,60.17316017316018,41.125541125541126,0.0,0.0,1.2987012987012987,14.285714285714285,0.4329004329004329,0.8658008658008658
StutterTalk,7,40,2.5,2.5,17.5,15.0,52.5,17.5,0.0,0.0,0.0,0.0,0.0,0.0
StutterTalk,8,189,7.4074074074074066,4.761904761904762,3.1746031746031744,23.28042328042328,57.67195767195767,38.095238095238095,0.0,0.5291005291005291,0.5291005291005291,21.693121693121693,0.5291005291005291,0.0
StutterTalk,9,40,5.0,10.0,5.0,7.5,67.5,7.5,0.0,0.0,5.0,10.0,0.0,0.0
StutterTalk,10,40,2.5,0.0,17.5,12.5,67.5,20.0,0.0,0.0,0.0,2.5,2.5,2.5
StutterTalk,11,40,2.5,12.5,15.0,17.5,57.49999999999999,7.5,0.0,0.0,0.0,5.0,2.5,2.5
StutterTalk,12,40,27.500000000000004,5.0,5.0,7.5,45.0,42.5,0.0,2.5,0.0,5.0,0.0,0.0
StutterTalk,13,40,5.0,10.0,0.0,2.5,77.5,22.5,0.0,0.0,2.5,5.0,5.0,2.5
StutterTalk,14,40,5.0,5.0,0.0,12.5,70.0,20.0,0.0,0.0,2.5,20.0,0.0,0.0
StutterTalk,15,40,7.5,7.5,0.0,15.0,67.5,12.5,0.0,0.0,0.0,7.5,0.0,0.0
StutterTalk,16,40,0.0,25.0,40.0,22.5,22.5,12.5,0.0,0.0,2.5,7.5,0.0,0.0
StutterTalk,17,40,10.0,15.0,0.0,7.5,70.0,17.5,0.0,0.0,2.5,7.5,2.5,0.0
StutterTalk,18,40,0.0,12.5,2.5,15.0,62.5,25.0,0.0,0.0,0.0,25.0,0.0,0.0
StutterTalk,19,40,2.5,2.5,7.5,10.0,82.5,7.5,0.0,0.0,5.0,5.0,0.0,0.0
StutterTalk,20,40,5.0,15.0,17.5,25.0,35.0,30.0,0.0,0.0,0.0,7.5,2.5,0.0
StutterTalk,21,40,0.0,10.0,5.0,10.0,70.0,12.5,0.0,0.0,0.0,17.5,0.0,0.0
StutterTalk,22,40,7.5,10.0,7.5,27.500000000000004,52.5,20.0,0.0,0.0,2.5,2.5,0.0,0.0
StutterTalk,23,40,7.5,2.5,5.0,2.5,82.5,15.0,0.0,0.0,0.0,10.0,0.0,0.0
StutterTalk,24,40,7.5,10.0,0.0,5.0,67.5,22.5,0.0,0.0,5.0,2.5,2.5,2.5
StutterTalk,25,186,1.0752688172043012,8.60215053763441,6.451612903225806,15.053763440860216,64.51612903225806,22.043010752688172,0.0,0.0,1.0752688172043012,18.27956989247312,0.5376344086021506,0.0
StutterTalk,26,198,1.5151515151515151,13.636363636363635,4.040404040404041,15.151515151515152,61.61616161616161,21.71717171717172,0.0,2.0202020202020203,0.0,21.71717171717172,1.0101010101010102,0.0
StutterTalk,27,40,10.0,32.5,12.5,17.5,27.500000000000004,30.0,0.0,0.0,7.5,0.0,0.0,0.0
StutterTalk,28,40,0.0,17.5,30.0,7.5,55.00000000000001,20.0,0.0,0.0,2.5,15.0,2.5,2.5
StutterTalk,29,40,5.0,7.5,0.0,2.5,85.0,7.5,0.0,0.0,0.0,10.0,0.0,0.0
StutterTalk,30,40,2.5,15.0,5.0,5.0,60.0,40.0,0.0,0.0,2.5,2.5,0.0,0.0
StutterTalk,31,40,5.0,2.5,2.5,20.0,65.0,17.5,0.0,0.0,0.0,5.0,2.5,2.5
StutterTalk,32,40,0.0,0.0,2.5,7.5,90.0,22.5,0.0,0.0,0.0,15.0,0.0,0.0
StutterTalk,33,204,16.666666666666664,9.313725490196079,5.88235294117647,9.313725490196079,52.450980392156865,26.96078431372549,0.0,0.0,1.9607843137254901,7.8431372549019605,0.49019607843137253,0.0
StutterTalk,34,40,7.5,17.5,2.5,7.5,60.0,15.0,0.0,0.0,5.0,0.0,2.5,2.5
StutterTalk,35,40,5.0,15.0,70.0,10.0,10.0,25.0,0.0,5.0,2.5,0.0,0.0,0.0
StutterTalk,36,40,12.5,15.0,5.0,7.5,50.0,10.0,0.0,0.0,0.0,5.0,2.5,0.0
StutterTalk,37,192,13.541666666666666,8.854166666666668,13.541666666666666,11.979166666666668,51.041666666666664,15.625,0.0,0.5208333333333333,2.604166666666667,11.979166666666668,1.0416666666666665,0.0
StutterTalk,38,40,27.500000000000004,15.0,5.0,12.5,42.5,22.5,0.0,0.0,0.0,0.0,0.0,0.0
StutterTalk,39,40,0.0,5.0,5.0,7.5,85.0,2.5,0.0,0.0,0.0,7.5,0.0,0.0
StutterTalk,40,40,7.5,10.0,2.5,10.0,72.5,20.0,0.0,0.0,2.5,5.0,0.0,0.0
StutterTalk,41,40,5.0,7.5,5.0,12.5,72.5,20.0,0.0,0.0,0.0,15.0,2.5,2.5
StutterTalk,42,40,0.0,20.0,2.5,0.0,70.0,35.0,0.0,0.0,0.0,0.0,0.0,0.0
StutterTalk,43,222,15.765765765765765,11.711711711711711,4.954954954954955,9.90990990990991,51.80180180180181,14.864864864864865,0.0,0.0,0.0,10.36036036036036,0.45045045045045046,0.45045045045045046
StutterTalk,44,40,0.0,2.5,5.0,10.0,85.0,45.0,0.0,2.5,0.0,17.5,0.0,0.0
StutterTalk,45,40,2.5,7.5,7.5,22.5,62.5,7.5,0.0,0.0,0.0,7.5,2.5,0.0
StutterTalk,46,40,12.5,12.5,5.0,7.5,65.0,17.5,0.0,2.5,0.0,10.0,2.5,0.0
StutterTalk,47,40,2.5,15.0,0.0,15.0,65.0,7.5,0.0,0.0,5.0,12.5,0.0,0.0
StutterTalk,48,40,0.0,15.0,2.5,17.5,65.0,25.0,0.0,0.0,0.0,12.5,0.0,0.0
StutterTalk,49,40,0.0,2.5,5.0,15.0,75.0,30.0,0.0,0.0,0.0,0.0,0.0,0.0
StutterTalk,50,40,7.5,7.5,7.5,15.0,62.5,22.5,0.0,0.0,2.5,2.5,0.0,0.0
StutterTalk,51,40,5.0,5.0,0.0,17.5,77.5,45.0,0.0,0.0,0.0,5.0,2.5,0.0
StutterTalk,52,40,0.0,5.0,5.0,5.0,82.5,12.5,0.0,0.0,5.0,5.0,2.5,0.0
StutterTalk,53,40,5.0,20.0,5.0,10.0,60.0,20.0,0.0,0.0,2.5,7.5,0.0,0.0
StutterTalk,54,40,5.0,12.5,7.5,15.0,60.0,30.0,0.0,0.0,2.5,20.0,0.0,0.0
StutterTalk,55,40,5.0,12.5,5.0,2.5,70.0,10.0,0.0,0.0,2.5,25.0,2.5,0.0
StutterTalk,56,40,5.0,12.5,12.5,17.5,57.49999999999999,12.5,0.0,0.0,10.0,7.5,0.0,0.0
StutterTalk,57,40,7.5,15.0,12.5,2.5,45.0,22.5,0.0,0.0,7.5,7.5,0.0,0.0
StutterTalk,58,40,5.0,7.5,27.500000000000004,12.5,57.49999999999999,27.500000000000004,0.0,5.0,5.0,2.5,0.0,0.0
StutterTalk,59,40,0.0,17.5,0.0,10.0,70.0,32.5,0.0,0.0,2.5,10.0,0.0,0.0
StutterTalk,60,40,2.5,0.0,0.0,15.0,80.0,42.5,0.0,0.0,0.0,17.5,0.0,0.0
StutterTalk,61,40,0.0,5.0,0.0,0.0,92.5,5.0,0.0,0.0,0.0,27.500000000000004,0.0,0.0
StutterTalk,62,40,7.5,15.0,2.5,5.0,65.0,20.0,0.0,5.0,0.0,7.5,5.0,2.5
StutterTalk,63,175,12.0,18.857142857142858,24.571428571428573,22.285714285714285,29.714285714285715,30.28571428571429,0.0,1.1428571428571428,2.857142857142857,5.142857142857142,0.5714285714285714,1.1428571428571428
StutterTalk,64,206,16.019417475728158,12.62135922330097,3.8834951456310676,7.766990291262135,54.85436893203883,21.35922330097087,0.0,0.0,0.9708737864077669,13.106796116504855,4.368932038834951,1.9417475728155338
StutterTalk,65,40,15.0,5.0,10.0,7.5,65.0,17.5,0.0,0.0,5.0,0.0,0.0,0.0
StutterTalk,66,40,25.0,2.5,0.0,10.0,60.0,25.0,0.0,2.5,5.0,7.5,0.0,0.0
StutterTalk,67,40,5.0,12.5,15.0,10.0,50.0,25.0,0.0,5.0,7.5,0.0,0.0,2.5
StutterTalk,68,220,13.18181818181818,9.545454545454547,2.727272727272727,8.181818181818182,65.45454545454545,40.45454545454545,0.0,0.0,4.545454545454546,13.636363636363635,2.727272727272727,0.45454545454545453
StutterTalk,69,40,20.0,2.5,5.0,7.5,65.0,5.0,0.0,0.0,0.0,2.5,0.0,5.0
StutterTalk,70,40,10.0,7.5,2.5,5.0,77.5,7.5,0.0,0.0,2.5,2.5,0.0,2.5
StutterTalk,71,40,15.0,15.0,7.5,2.5,62.5,15.0,0.0,0.0,0.0,2.5,0.0,0.0
StutterTalk,72,201,16.91542288557214,17.412935323383085,13.930348258706468,12.437810945273633,38.308457711442784,11.940298507462686,0.0,0.0,1.9900497512437811,12.935323383084576,0.9950248756218906,0.0
StutterTalk,73,40,0.0,15.0,7.5,15.0,57.49999999999999,35.0,0.0,0.0,0.0,17.5,0.0,0.0
StutterTalk,74,40,0.0,15.0,7.5,7.5,62.5,37.5,0.0,0.0,2.5,12.5,2.5,2.5
StutterTalk,75,40,15.0,10.0,5.0,5.0,62.5,37.5,0.0,0.0,0.0,0.0,0.0,0.0
StutterTalk,76,40,10.0,17.5,5.0,7.5,65.0,47.5,2.5,0.0,0.0,5.0,0.0,0.0
StutterTalk,77,40,10.0,10.0,12.5,20.0,50.0,25.0,0.0,2.5,0.0,12.5,0.0,0.0
StutterTalk,78,40,0.0,5.0,0.0,0.0,87.5,27.500000000000004,0.0,5.0,2.5,12.5,0.0,0.0
StutterTalk,79,40,20.0,7.5,2.5,7.5,65.0,40.0,0.0,0.0,0.0,7.5,0.0,0.0
StutterTalk,80,40,0.0,7.5,0.0,0.0,90.0,0.0,0.0,0.0,0.0,12.5,90.0,0.0
StutterTalk,81,40,0.0,5.0,7.5,0.0,85.0,0.0,0.0,0.0,0.0,20.0,77.5,0.0
StutteringIsCool,0,40,2.5,5.0,5.0,12.5,77.5,10.0,0.0,5.0,2.5,2.5,7.5,0.0
StutteringIsCool,1,40,10.0,5.0,7.5,5.0,65.0,15.0,0.0,2.5,2.5,10.0,0.0,0.0
StutteringIsCool,2,40,0.0,10.0,5.0,12.5,75.0,5.0,0.0,2.5,7.5,7.5,2.5,0.0
StutteringIsCool,3,40,7.5,15.0,2.5,7.5,72.5,22.5,0.0,0.0,0.0,15.0,0.0,0.0
StutteringIsCool,4,40,5.0,7.5,0.0,5.0,82.5,15.0,0.0,5.0,12.5,20.0,0.0,0.0
StutteringIsCool,5,40,10.0,12.5,10.0,7.5,60.0,32.5,0.0,0.0,5.0,2.5,2.5,2.5
StutteringIsCool,6,40,7.5,22.5,10.0,0.0,50.0,27.500000000000004,0.0,0.0,0.0,10.0,5.0,2.5
StutteringIsCool,7,40,7.5,0.0,0.0,7.5,75.0,20.0,0.0,0.0,0.0,7.5,2.5,0.0
StutteringIsCool,8,40,0.0,5.0,2.5,22.5,60.0,50.0,0.0,0.0,2.5,10.0,0.0,0.0
StutteringIsCool,9,40,2.5,7.5,5.0,0.0,72.5,17.5,2.5,7.5,17.5,7.5,10.0,2.5
StutteringIsCool,10,40,5.0,5.0,2.5,2.5,82.5,7.5,0.0,20.0,12.5,0.0,5.0,5.0
StutteringIsCool,11,40,2.5,12.5,2.5,12.5,70.0,22.5,0.0,0.0,0.0,12.5,0.0,0.0
StutteringIsCool,12,40,12.5,30.0,25.0,5.0,30.0,7.5,0.0,7.5,27.500000000000004,0.0,5.0,2.5
StutteringIsCool,13,40,2.5,2.5,0.0,5.0,80.0,17.5,5.0,22.5,30.0,10.0,0.0,0.0
StutteringIsCool,14,40,0.0,5.0,0.0,15.0,77.5,20.0,0.0,20.0,20.0,2.5,10.0,7.5
StutteringIsCool,15,40,15.0,0.0,0.0,12.5,67.5,20.0,0.0,2.5,2.5,7.5,0.0,0.0
StutteringIsCool,16,40,5.0,12.5,5.0,15.0,52.5,40.0,0.0,0.0,7.5,7.5,5.0,2.5
StutteringIsCool,17,40,2.5,10.0,0.0,10.0,75.0,17.5,0.0,0.0,2.5,0.0,0.0,0.0
StutteringIsCool,18,40,7.5,5.0,5.0,10.0,72.5,32.5,0.0,12.5,12.5,2.5,0.0,2.5
StutteringIsCool,19,40,5.0,10.0,7.5,2.5,77.5,7.5,0.0,2.5,2.5,22.5,5.0,2.5
StutteringIsCool,20,40,2.5,5.0,5.0,5.0,87.5,30.0,0.0,0.0,0.0,10.0,0.0,0.0
StutteringIsCool,21,40,7.5,15.0,12.5,5.0,55.00000000000001,7.5,0.0,0.0,5.0,2.5,0.0,0.0
StutteringIsCool,22,40,2.5,5.0,10.0,7.5,70.0,7.5,0.0,17.5,7.5,2.5,0.0,0.0
StutteringIsCool,23,40,5.0,7.5,2.5,7.5,72.5,30.0,2.5,0.0,0.0,2.5,10.0,5.0
StutteringIsCool,24,40,5.0,12.5,10.0,10.0,65.0,40.0,0.0,2.5,0.0,10.0,2.5,2.5
StutteringIsCool,25,40,7.5,5.0,0.0,0.0,82.5,17.5,0.0,0.0,0.0,17.5,12.5,0.0
StutteringIsCool,26,40,5.0,10.0,0.0,2.5,85.0,12.5,0.0,0.0,0.0,2.5,0.0,0.0
StutteringIsCool,27,40,5.0,10.0,12.5,2.5,67.5,12.5,0.0,2.5,5.0,5.0,2.5,2.5
StutteringIsCool,28,40,2.5,7.5,2.5,12.5,70.0,12.5,0.0,5.0,5.0,12.5,0.0,0.0
StutteringIsCool,29,40,2.5,7.5,0.0,10.0,72.5,15.0,0.0,2.5,2.5,20.0,12.5,0.0
StutteringIsCool,30,40,2.5,5.0,2.5,15.0,70.0,20.0,0.0,0.0,5.0,2.5,0.0,0.0
StutteringIsCool,31,40,0.0,17.5,7.5,5.0,67.5,22.5,0.0,0.0,2.5,27.500000000000004,0.0,0.0
StutteringIsCool,32,40,2.5,12.5,5.0,0.0,65.0,25.0,2.5,27.500000000000004,7.5,2.5,2.5,12.5
StutteringIsCool,33,40,7.5,7.5,10.0,15.0,65.0,25.0,0.0,0.0,2.5,5.0,0.0,0.0
StutteringIsCool,34,197,7.614213197969544,8.121827411167512,7.1065989847715745,7.614213197969544,60.40609137055838,39.59390862944163,0.0,0.5076142131979695,4.568527918781726,11.16751269035533,0.5076142131979695,0.5076142131979695
StutteringIsCool,35,40,2.5,10.0,2.5,0.0,87.5,17.5,0.0,2.5,2.5,5.0,0.0,2.5
StutteringIsCool,36,40,10.0,5.0,0.0,10.0,70.0,25.0,0.0,0.0,0.0,0.0,0.0,0.0
StutteringIsCool,37,40,12.5,15.0,12.5,7.5,50.0,15.0,0.0,0.0,5.0,2.5,5.0,5.0
StutteringIsCool,38,40,2.5,10.0,0.0,5.0,80.0,25.0,0.0,2.5,2.5,7.5,0.0,0.0
StutteringIsCool,39,40,12.5,7.5,7.5,15.0,57.49999999999999,22.5,0.0,0.0,0.0,7.5,0.0,0.0
StutteringIsCool,40,40,32.5,10.0,10.0,15.0,32.5,10.0,0.0,0.0,5.0,2.5,0.0,0.0
StutteringIsCool,41,40,5.0,5.0,2.5,7.5,77.5,20.0,0.0,0.0,2.5,12.5,0.0,0.0
StutteringIsCool,42,40,2.5,7.5,2.5,5.0,75.0,25.0,0.0,0.0,5.0,2.5,0.0,2.5
StutteringIsCool,43,40,25.0,7.5,7.5,7.5,55.00000000000001,20.0,0.0,0.0,7.5,0.0,0.0,0.0
StutteringIsCool,44,40,15.0,0.0,2.5,17.5,57.49999999999999,30.0,0.0,0.0,2.5,7.5,0.0,0.0
StutteringIsCool,45,40,2.5,12.5,15.0,10.0,62.5,25.0,0.0,2.5,0.0,2.5,0.0,0.0
StutteringIsCool,46,195,14.871794871794872,11.282051282051283,4.615384615384616,17.435897435897434,51.7948717948718,42.05128205128205,0.0,0.0,1.5384615384615385,16.923076923076923,0.0,0.0
StutteringIsCool,47,40,7.5,5.0,7.5,12.5,65.0,42.5,0.0,0.0,2.5,0.0,0.0,0.0
StutteringIsCool,48,40,5.0,5.0,2.5,7.5,75.0,12.5,0.0,0.0,0.0,5.0,0.0,0.0
StutteringIsCool,49,40,12.5,7.5,0.0,0.0,82.5,10.0,0.0,0.0,0.0,0.0,0.0,2.5
StutteringIsCool,50,40,0.0,17.5,5.0,7.5,62.5,20.0,0.0,0.0,10.0,7.5,0.0,0.0
StutteringIsCool,51,40,2.5,2.5,2.5,0.0,87.5,20.0,0.0,0.0,2.5,10.0,0.0,5.0
StutteringIsCool,52,40,25.0,20.0,10.0,7.5,40.0,15.0,0.0,0.0,0.0,5.0,0.0,0.0
StutteringIsCool,53,40,7.5,5.0,5.0,7.5,77.5,0.0,0.0,0.0,0.0,2.5,0.0,0.0
StutteringIsCool,54,40,0.0,10.0,0.0,7.5,65.0,32.5,0.0,2.5,2.5,17.5,0.0,0.0
StutteringIsCool,55,40,10.0,2.5,0.0,2.5,75.0,27.500000000000004,0.0,5.0,15.0,0.0,0.0,0.0
StutteringIsCool,56,40,2.5,12.5,2.5,5.0,70.0,17.5,0.0,5.0,7.5,7.5,0.0,0.0
StutteringIsCool,57,40,12.5,2.5,2.5,0.0,80.0,7.5,0.0,0.0,2.5,5.0,0.0,17.5
StutteringIsCool,58,40,7.5,12.5,2.5,2.5,82.5,30.0,0.0,2.5,2.5,2.5,0.0,0.0
StutteringIsCool,59,40,5.0,2.5,0.0,5.0,90.0,20.0,0.0,5.0,0.0,0.0,0.0,12.5
StutteringIsCool,60,40,2.5,5.0,10.0,2.5,72.5,17.5,0.0,0.0,0.0,2.5,0.0,0.0
StutteringIsCool,61,40,5.0,7.5,0.0,12.5,75.0,22.5,0.0,2.5,0.0,2.5,0.0,2.5
StutteringIsCool,62,40,0.0,15.0,7.5,12.5,67.5,17.5,0.0,0.0,5.0,2.5,2.5,2.5
StutteringIsCool,63,40,12.5,15.0,0.0,20.0,47.5,22.5,0.0,0.0,7.5,5.0,0.0,0.0
StutteringIsCool,64,40,0.0,7.5,2.5,7.5,72.5,20.0,0.0,0.0,0.0,12.5,0.0,0.0
StutteringIsCool,65,40,0.0,0.0,2.5,7.5,87.5,0.0,0.0,15.0,0.0,0.0,0.0,7.5
StutteringIsCool,66,40,5.0,5.0,2.5,10.0,70.0,42.5,0.0,0.0,2.5,10.0,0.0,0.0
StutteringIsCool,67,40,0.0,2.5,2.5,5.0,90.0,17.5,0.0,0.0,5.0,10.0,0.0,0.0
StutteringIsCool,68,40,2.5,5.0,0.0,10.0,72.5,22.5,0.0,0.0,2.5,10.0,0.0,2.5
StutteringIsCool,69,40,5.0,7.5,2.5,10.0,70.0,47.5,0.0,2.5,5.0,7.5,0.0,0.0
StutteringIsCool,70,40,0.0,0.0,0.0,5.0,90.0,2.5,0.0,20.0,12.5,7.5,0.0,0.0
StutteringIsCool,71,40,7.5,10.0,5.0,5.0,70.0,15.0,0.0,5.0,7.5,7.5,0.0,2.5
StutteringIsCool,72,40,0.0,5.0,0.0,10.0,72.5,15.0,0.0,0.0,2.5,2.5,0.0,0.0
StutteringIsCool,73,40,15.0,7.5,5.0,0.0,62.5,17.5,0.0,5.0,5.0,15.0,0.0,5.0
StutteringIsCool,74,40,7.5,12.5,0.0,10.0,65.0,15.0,0.0,0.0,2.5,12.5,0.0,0.0
StutteringIsCool,75,40,7.5,7.5,12.5,12.5,52.5,30.0,0.0,0.0,12.5,5.0,0.0,2.5
StutteringIsCool,76,40,10.0,7.5,10.0,20.0,57.49999999999999,50.0,0.0,0.0,0.0,5.0,0.0,0.0
StutteringIsCool,77,40,15.0,12.5,10.0,2.5,45.0,25.0,0.0,2.5,10.0,2.5,0.0,2.5
StutteringIsCool,78,40,10.0,25.0,25.0,20.0,25.0,25.0,0.0,0.0,5.0,2.5,0.0,0.0
StutteringIsCool,79,40,0.0,10.0,12.5,2.5,70.0,12.5,0.0,7.5,7.5,10.0,17.5,5.0
StutteringIsCool,80,209,16.74641148325359,10.526315789473683,7.655502392344498,10.526315789473683,43.0622009569378,14.354066985645932,0.0,7.177033492822966,9.090909090909092,8.133971291866029,0.4784688995215311,0.9569377990430622
StutteringIsCool,81,40,22.5,5.0,0.0,7.5,65.0,32.5,0.0,7.5,0.0,5.0,0.0,2.5
StutteringIsCool,82,172,18.023255813953487,10.465116279069768,6.395348837209303,6.976744186046512,56.395348837209305,22.093023255813954,0.5813953488372093,0.5813953488372093,2.3255813953488373,11.046511627906977,1.1627906976744187,1.1627906976744187
StutteringIsCool,83,40,0.0,7.5,7.5,5.0,80.0,32.5,0.0,0.0,0.0,10.0,10.0,0.0
StutteringIsCool,84,40,0.0,2.5,0.0,0.0,90.0,2.5,2.5,27.500000000000004,7.5,0.0,0.0,67.5
WomenWhoStutter,0,283,23.674911660777383,18.727915194346288,15.901060070671377,1.4134275618374559,33.215547703180206,6.007067137809187,0.35335689045936397,1.76678445229682,16.25441696113074,1.4134275618374559,0.0,23.674911660777383
WomenWhoStutter,1,194,10.309278350515463,15.979381443298967,17.010309278350515,6.185567010309279,45.876288659793815,44.84536082474227,0.0,0.0,2.5773195876288657,7.216494845360824,0.0,0.0
WomenWhoStutter,2,214,6.5420560747663545,13.551401869158877,10.74766355140187,16.822429906542055,49.06542056074766,30.373831775700932,0.0,0.0,1.8691588785046727,9.813084112149532,0.46728971962616817,0.0
WomenWhoStutter,3,40,12.5,12.5,2.5,7.5,65.0,5.0,0.0,0.0,0.0,5.0,0.0,0.0
WomenWhoStutter,4,40,5.0,7.5,2.5,12.5,67.5,25.0,0.0,0.0,0.0,12.5,0.0,0.0
WomenWhoStutter,5,40,12.5,20.0,32.5,5.0,35.0,27.500000000000004,0.0,0.0,7.5,15.0,0.0,2.5
WomenWhoStutter,6,211,11.374407582938389,9.47867298578199,7.5829383886255926,17.535545023696685,47.39336492890995,26.540284360189574,0.9478672985781991,9.95260663507109,9.004739336492891,5.687203791469194,0.0,0.0
WomenWhoStutter,7,40,0.0,17.5,25.0,15.0,45.0,20.0,0.0,0.0,2.5,0.0,0.0,0.0
WomenWhoStutter,8,40,5.0,35.0,15.0,20.0,32.5,22.5,0.0,2.5,7.5,2.5,0.0,10.0
WomenWhoStutter,9,40,10.0,7.5,2.5,20.0,57.49999999999999,35.0,0.0,0.0,0.0,2.5,0.0,0.0
WomenWhoStutter,10,200,15.0,16.5,9.5,16.5,45.5,25.5,0.0,1.0,1.0,12.5,0.0,0.0
WomenWhoStutter,11,40,10.0,5.0,2.5,12.5,65.0,30.0,0.0,0.0,0.0,5.0,0.0,0.0
WomenWhoStutter,12,40,22.5,7.5,7.5,10.0,55.00000000000001,17.5,0.0,0.0,0.0,5.0,0.0,2.5
WomenWhoStutter,13,40,12.5,12.5,2.5,7.5,55.00000000000001,5.0,0.0,0.0,2.5,12.5,0.0,0.0
WomenWhoStutter,14,210,17.142857142857142,17.61904761904762,2.380952380952381,4.761904761904762,47.61904761904761,6.190476190476191,0.0,0.9523809523809524,7.142857142857142,7.142857142857142,0.0,0.0
WomenWhoStutter,15,40,10.0,27.500000000000004,35.0,15.0,25.0,25.0,0.0,0.0,7.5,2.5,0.0,0.0
WomenWhoStutter,16,40,2.5,7.5,0.0,22.5,60.0,40.0,0.0,0.0,5.0,2.5,0.0,0.0
WomenWhoStutter,17,40,5.0,20.0,17.5,15.0,55.00000000000001,37.5,0.0,0.0,0.0,7.5,0.0,0.0
WomenWhoStutter,18,40,10.0,30.0,5.0,17.5,37.5,32.5,0.0,0.0,12.5,0.0,0.0,2.5
WomenWhoStutter,19,205,11.219512195121952,26.34146341463415,25.365853658536587,6.829268292682928,29.756097560975608,2.4390243902439024,0.0,0.0,6.829268292682928,0.975609756097561,0.0,0.975609756097561
WomenWhoStutter,20,40,2.5,10.0,15.0,5.0,65.0,27.500000000000004,0.0,0.0,2.5,7.5,0.0,0.0
WomenWhoStutter,21,212,8.962264150943396,7.0754716981132075,2.8301886792452833,9.90566037735849,65.56603773584906,23.11320754716981,0.0,0.0,3.30188679245283,7.547169811320755,0.0,0.0
WomenWhoStutter,22,40,7.5,30.0,15.0,12.5,30.0,10.0,0.0,0.0,5.0,2.5,0.0,2.5
WomenWhoStutter,23,40,2.5,27.500000000000004,2.5,2.5,65.0,2.5,0.0,2.5,0.0,7.5,0.0,2.5
WomenWhoStutter,24,40,15.0,17.5,0.0,7.5,50.0,20.0,0.0,0.0,2.5,5.0,0.0,0.0
WomenWhoStutter,25,40,5.0,7.5,2.5,15.0,62.5,60.0,0.0,0.0,0.0,0.0,0.0,0.0
WomenWhoStutter,26,40,7.5,15.0,10.0,5.0,45.0,7.5,2.5,0.0,12.5,5.0,0.0,0.0
WomenWhoStutter,27,40,0.0,17.5,5.0,32.5,50.0,20.0,0.0,0.0,0.0,22.5,0.0,0.0
WomenWhoStutter,28,40,5.0,2.5,0.0,20.0,67.5,27.500000000000004,0.0,2.5,2.5,10.0,0.0,0.0
WomenWhoStutter,29,40,7.5,5.0,10.0,7.5,65.0,12.5,0.0,0.0,0.0,2.5,0.0,0.0
WomenWhoStutter,30,208,11.057692307692307,14.903846153846153,5.769230769230769,11.057692307692307,55.769230769230774,9.134615384615383,0.4807692307692308,0.4807692307692308,2.403846153846154,2.403846153846154,0.0,1.9230769230769231
WomenWhoStutter,31,40,5.0,32.5,30.0,2.5,27.500000000000004,20.0,0.0,0.0,5.0,7.5,0.0,0.0
WomenWhoStutter,32,40,2.5,7.5,7.5,2.5,72.5,62.5,0.0,0.0,0.0,2.5,0.0,0.0
WomenWhoStutter,33,40,12.5,17.5,5.0,0.0,60.0,20.0,0.0,0.0,0.0,5.0,0.0,0.0
WomenWhoStutter,34,211,10.90047393364929,9.47867298578199,9.004739336492891,6.6350710900473935,61.61137440758294,30.80568720379147,0.0,0.0,0.9478672985781991,6.6350710900473935,0.0,0.0
WomenWhoStutter,35,40,10.0,0.0,0.0,2.5,75.0,12.5,0.0,0.0,22.5,0.0,0.0,5.0
WomenWhoStutter,36,40,17.5,5.0,0.0,5.0,60.0,37.5,0.0,22.5,27.500000000000004,0.0,0.0,0.0
WomenWhoStutter,37,40,5.0,20.0,10.0,7.5,50.0,22.5,0.0,0.0,2.5,0.0,0.0,0.0
WomenWhoStutter,38,40,12.5,10.0,0.0,2.5,72.5,25.0,0.0,0.0,0.0,7.5,0.0,0.0
WomenWhoStutter,39,232,13.793103448275861,9.913793103448276,3.4482758620689653,5.603448275862069,62.5,20.25862068965517,0.0,0.8620689655172413,7.327586206896551,5.172413793103448,0.0,0.8620689655172413
WomenWhoStutter,40,40,5.0,32.5,12.5,7.5,35.0,20.0,0.0,0.0,0.0,2.5,0.0,0.0
WomenWhoStutter,41,40,15.0,20.0,37.5,7.5,17.5,22.5,0.0,0.0,2.5,0.0,0.0,0.0
WomenWhoStutter,42,280,8.214285714285714,10.357142857142858,8.214285714285714,14.642857142857144,52.5,27.142857142857142,0.0,0.0,0.7142857142857143,8.928571428571429,0.35714285714285715,0.0
WomenWhoStutter,43,40,27.500000000000004,7.5,5.0,2.5,57.49999999999999,20.0,0.0,0.0,0.0,5.0,0.0,0.0
WomenWhoStutter,44,40,5.0,15.0,7.5,17.5,57.49999999999999,20.0,0.0,0.0,2.5,2.5,0.0,0.0
WomenWhoStutter,45,40,0.0,5.0,0.0,5.0,77.5,7.5,0.0,5.0,10.0,2.5,0.0,0.0
WomenWhoStutter,46,40,0.0,12.5,5.0,27.500000000000004,57.49999999999999,22.5,0.0,0.0,0.0,22.5,0.0,0.0
WomenWhoStutter,47,40,0.0,7.5,2.5,10.0,75.0,20.0,0.0,0.0,2.5,17.5,2.5,0.0
WomenWhoStutter,48,40,12.5,10.0,30.0,2.5,50.0,15.0,0.0,7.5,5.0,10.0,0.0,0.0
WomenWhoStutter,49,40,5.0,17.5,15.0,20.0,50.0,25.0,0.0,0.0,2.5,0.0,0.0,0.0
WomenWhoStutter,50,503,19.4831013916501,7.3558648111332,2.783300198807157,2.3856858846918487,56.66003976143141,2.584493041749503,0.7952286282306162,23.26043737574553,15.308151093439365,1.3916500994035785,0.0,0.5964214711729622
WomenWhoStutter,51,40,10.0,12.5,22.5,7.5,47.5,7.5,0.0,5.0,2.5,2.5,0.0,0.0
WomenWhoStutter,52,40,0.0,25.0,12.5,10.0,55.00000000000001,22.5,0.0,2.5,2.5,12.5,0.0,0.0
WomenWhoStutter,53,40,10.0,5.0,5.0,12.5,65.0,17.5,0.0,5.0,7.5,2.5,0.0,5.0
WomenWhoStutter,54,40,25.0,22.5,12.5,20.0,27.500000000000004,2.5,2.5,2.5,5.0,0.0,0.0,2.5
WomenWhoStutter,55,40,10.0,12.5,2.5,22.5,45.0,17.5,0.0,0.0,2.5,7.5,0.0,2.5
WomenWhoStutter,56,182,13.186813186813188,34.61538461538461,12.637362637362637,6.043956043956044,30.76923076923077,29.67032967032967,0.0,2.197802197802198,8.241758241758241,1.098901098901099,0.0,2.7472527472527473
WomenWhoStutter,57,206,6.310679611650485,24.271844660194176,13.592233009708737,16.990291262135923,39.80582524271845,15.048543689320388,0.0,0.0,3.8834951456310676,3.3980582524271843,0.0,0.0
WomenWhoStutter,58,40,10.0,10.0,2.5,15.0,60.0,15.0,0.0,0.0,0.0,12.5,0.0,0.0
WomenWhoStutter,59,40,12.5,0.0,0.0,7.5,70.0,45.0,0.0,5.0,0.0,12.5,0.0,0.0
WomenWhoStutter,60,40,7.5,2.5,2.5,22.5,57.49999999999999,25.0,0.0,0.0,0.0,0.0,0.0,0.0
WomenWhoStutter,61,40,5.0,10.0,12.5,7.5,62.5,30.0,0.0,0.0,2.5,7.5,0.0,0.0
WomenWhoStutter,62,223,9.417040358744394,7.623318385650224,2.242152466367713,13.004484304932735,64.12556053811659,24.663677130044842,0.0,0.4484304932735426,1.345291479820628,8.071748878923767,0.8968609865470852,0.0
WomenWhoStutter,63,40,12.5,5.0,0.0,0.0,85.0,17.5,0.0,0.0,2.5,2.5,0.0,0.0
WomenWhoStutter,64,40,15.0,10.0,2.5,10.0,60.0,30.0,2.5,2.5,5.0,2.5,0.0,0.0
WomenWhoStutter,65,40,57.49999999999999,15.0,0.0,0.0,25.0,12.5,0.0,2.5,5.0,0.0,0.0,0.0
WomenWhoStutter,66,40,17.5,15.0,5.0,7.5,42.5,17.5,0.0,0.0,2.5,5.0,0.0,0.0
WomenWhoStutter,67,40,10.0,2.5,2.5,5.0,77.5,20.0,0.0,12.5,0.0,7.5,2.5,0.0
WomenWhoStutter,68,40,7.5,30.0,27.500000000000004,15.0,27.500000000000004,17.5,0.0,0.0,0.0,2.5,0.0,2.5
WomenWhoStutter,69,40,7.5,10.0,10.0,12.5,55.00000000000001,12.5,0.0,0.0,0.0,5.0,0.0,0.0
WomenWhoStutter,70,40,2.5,12.5,2.5,2.5,80.0,30.0,0.0,0.0,0.0,0.0,0.0,0.0
WomenWhoStutter,71,40,5.0,15.0,25.0,5.0,42.5,17.5,0.0,0.0,2.5,12.5,0.0,0.0
WomenWhoStutter,72,40,20.0,12.5,0.0,7.5,57.49999999999999,37.5,0.0,0.0,0.0,2.5,0.0,0.0
WomenWhoStutter,73,40,0.0,2.5,0.0,27.500000000000004,70.0,40.0,0.0,0.0,0.0,10.0,2.5,0.0
WomenWhoStutter,74,211,6.6350710900473935,12.322274881516588,0.9478672985781991,13.744075829383887,61.61137440758294,33.649289099526065,0.9478672985781991,1.8957345971563981,0.9478672985781991,17.535545023696685,1.4218009478672986,0.9478672985781991
WomenWhoStutter,75,40,7.5,27.500000000000004,5.0,2.5,57.49999999999999,20.0,0.0,0.0,0.0,10.0,0.0,0.0
WomenWhoStutter,76,40,2.5,7.5,0.0,10.0,77.5,30.0,0.0,0.0,0.0,5.0,0.0,0.0
WomenWhoStutter,77,40,15.0,12.5,2.5,0.0,72.5,15.0,0.0,0.0,0.0,7.5,2.5,0.0
WomenWhoStutter,78,40,7.5,10.0,2.5,20.0,57.49999999999999,25.0,0.0,0.0,0.0,0.0,0.0,0.0
WomenWhoStutter,79,40,2.5,12.5,0.0,25.0,57.49999999999999,40.0,0.0,0.0,0.0,7.5,0.0,0.0
WomenWhoStutter,80,40,5.0,7.5,0.0,27.500000000000004,57.49999999999999,37.5,0.0,0.0,0.0,2.5,5.0,2.5
WomenWhoStutter,81,190,3.1578947368421053,15.263157894736842,10.0,10.526315789473683,54.21052631578947,30.0,0.0,1.5789473684210527,5.7894736842105265,5.263157894736842,0.0,0.0
WomenWhoStutter,82,40,7.5,5.0,2.5,10.0,75.0,35.0,0.0,0.0,0.0,0.0,0.0,0.0
WomenWhoStutter,83,40,12.5,12.5,7.5,15.0,42.5,57.49999999999999,0.0,0.0,0.0,17.5,2.5,0.0
WomenWhoStutter,84,40,12.5,7.5,2.5,7.5,62.5,47.5,0.0,0.0,0.0,7.5,0.0,0.0
WomenWhoStutter,85,40,10.0,20.0,2.5,17.5,45.0,40.0,0.0,0.0,0.0,20.0,2.5,0.0
WomenWhoStutter,86,167,4.191616766467066,13.17365269461078,4.191616766467066,25.748502994011975,44.91017964071856,38.32335329341318,0.0,0.0,0.0,10.778443113772456,1.1976047904191618,0.0
WomenWhoStutter,87,206,7.766990291262135,10.194174757281553,3.3980582524271843,19.41747572815534,55.33980582524271,29.126213592233007,0.0,0.48543689320388345,4.368932038834951,6.796116504854369,0.9708737864077669,0.9708737864077669
WomenWhoStutter,88,226,6.637168141592921,8.4070796460177,5.752212389380531,27.43362831858407,50.0,27.876106194690266,0.0,0.0,0.4424778761061947,4.867256637168142,0.0,0.0
WomenWhoStutter,89,40,2.5,2.5,2.5,2.5,82.5,2.5,0.0,2.5,17.5,0.0,0.0,0.0
WomenWhoStutter,90,40,10.0,5.0,10.0,17.5,57.49999999999999,20.0,0.0,0.0,0.0,5.0,0.0,2.5
WomenWhoStutter,91,40,0.0,5.0,5.0,12.5,77.5,20.0,0.0,0.0,0.0,0.0,0.0,0.0
WomenWhoStutter,92,40,10.0,15.0,7.5,5.0,67.5,27.500000000000004,0.0,0.0,0.0,0.0,0.0,0.0
WomenWhoStutter,93,40,15.0,15.0,2.5,5.0,57.49999999999999,15.0,0.0,0.0,12.5,2.5,0.0,2.5
WomenWhoStutter,94,40,0.0,0.0,5.0,22.5,60.0,22.5,0.0,0.0,0.0,0.0,0.0,0.0
WomenWhoStutter,95,40,7.5,17.5,10.0,7.5,42.5,22.5,0.0,0.0,2.5,10.0,0.0,5.0
WomenWhoStutter,96,196,2.0408163265306123,8.673469387755102,3.061224489795918,9.183673469387756,73.46938775510205,17.346938775510203,0.0,0.5102040816326531,1.0204081632653061,12.244897959183673,0.0,0.0
WomenWhoStutter,97,201,3.482587064676617,15.422885572139302,29.850746268656714,22.885572139303484,35.82089552238806,20.8955223880597,0.0,0.0,0.9950248756218906,8.955223880597014,0.4975124378109453,0.9950248756218906
WomenWhoStutter,98,40,5.0,12.5,7.5,10.0,65.0,5.0,0.0,0.0,2.5,5.0,0.0,0.0
WomenWhoStutter,99,231,16.883116883116884,24.675324675324674,6.0606060606060606,9.956709956709958,38.961038961038966,16.017316017316016,0.0,0.4329004329004329,1.7316017316017316,5.627705627705628,0.0,0.4329004329004329
WomenWhoStutter,100,40,12.5,10.0,2.5,2.5,65.0,10.0,0.0,0.0,0.0,7.5,0.0,0.0
WomenWhoStutter,101,215,6.046511627906977,13.953488372093023,6.976744186046512,10.232558139534884,57.674418604651166,17.674418604651162,0.0,6.511627906976744,5.5813953488372094,13.023255813953488,1.3953488372093024,0.46511627906976744
WomenWhoStutter,102,40,10.0,7.5,2.5,10.0,75.0,32.5,0.0,0.0,0.0,7.5,0.0,0.0
WomenWhoStutter,103,186,2.1505376344086025,10.21505376344086,6.451612903225806,19.35483870967742,58.06451612903226,27.419354838709676,0.0,0.0,1.6129032258064515,14.516129032258066,0.5376344086021506,0.0
WomenWhoStutter,104,40,2.5,7.5,0.0,12.5,75.0,20.0,0.0,7.5,0.0,7.5,0.0,0.0
WomenWhoStutter,105,40,10.0,10.0,5.0,2.5,70.0,12.5,0.0,0.0,2.5,0.0,0.0,0.0
WomenWhoStutter,106,40,2.5,12.5,5.0,2.5,77.5,2.5,0.0,0.0,0.0,12.5,0.0,0.0
WomenWhoStutter,107,40,5.0,10.0,2.5,12.5,72.5,15.0,0.0,5.0,2.5,0.0,0.0,0.0
WomenWhoStutter,108,40,0.0,25.0,5.0,10.0,50.0,47.5,0.0,0.0,0.0,5.0,0.0,0.0
WomenWhoStutter,109,40,2.5,10.0,10.0,0.0,67.5,40.0,0.0,0.0,0.0,0.0,0.0,0.0
